<?xml version="1.0" encoding="UTF-8"?>
<project-private xmlns="http://www.netbeans.org/ns/project-private/1">
    <editor-bookmarks xmlns="http://www.netbeans.org/ns/editor-bookmarks/2" lastBookmarkId="0"/>
    <open-files xmlns="http://www.netbeans.org/ns/projectui-open-files/2">
        <group>
            <file>file:/C:/Users/Jayani%20Chamari/Desktop/PublicTransportTicketingSystem_new/src/ptts/gui/TerminalSelector.java</file>
            <file>file:/C:/Users/Jayani%20Chamari/Desktop/PublicTransportTicketingSystem_new/src/ptts/gui/LogoutConfirm.java</file>
            <file>file:/C:/Users/Jayani%20Chamari/Desktop/PublicTransportTicketingSystem_new/src/ptts/gui/startWindow.java</file>
            <file>file:/C:/Users/Jayani%20Chamari/Desktop/PublicTransportTicketingSystem_new/src/ptts/gui/paystation/PayStationTerminal.java</file>
            <file>file:/C:/Users/Jayani%20Chamari/Desktop/PublicTransportTicketingSystem_new/src/ptts/gui/driver/DriverTerminal.java</file>
            <file>file:/C:/Users/Jayani%20Chamari/Desktop/PublicTransportTicketingSystem_new/src/ptts/gui/admin/AdminTerminal.java</file>
            <file>file:/C:/Users/Jayani%20Chamari/Desktop/PublicTransportTicketingSystem_new/src/ptts/gui/Gate.java</file>
            <file>file:/C:/Users/Jayani%20Chamari/Desktop/PublicTransportTicketingSystem_new/src/ptts/gui/UserAuthenticationWindow.java</file>
            <file>file:/C:/Users/Jayani%20Chamari/Desktop/PublicTransportTicketingSystem_new/src/ptts/gui/gateoperator/GateOperatorTerminal.java</file>
            <file>file:/C:/Users/Jayani%20Chamari/Desktop/PublicTransportTicketingSystem_new/src/ptts/gui/inspector/InspectorTerminal.java</file>
            <file>file:/C:/Users/Jayani%20Chamari/Desktop/PublicTransportTicketingSystem_new/src/ptts/gui/passenger/PassengerTerminal.java</file>
        </group>
    </open-files>
</project-private>
